Model,WER_original,MER_original,WIL_original,Substitutions_original,Deletions_original,Insertions_original,Hits_original,Total_Words_in_Reference_original,Total_Files_Matched_original,WER_preprocessed,MER_preprocessed,WIL_preprocessed,Substitutions_preprocessed,Deletions_preprocessed,Insertions_preprocessed,Hits_preprocessed,Total_Words_in_Reference_preprocessed,Total_Files_Matched_preprocessed,WER_Difference,MER_Difference,Files_Difference,Words_Difference
large-v3,0.4954954954954955,0.4443027210884354,0.6150282511849452,554,248,243,1307,2109,9,0.5903173311635476,0.555087987758225,0.738463796341271,785,510,156,1163,2458,9,0.09482183566805208,0.1107852666697896,0,349
parakeet-tdt-0.6b-v2,0.7354196301564723,0.691793041926851,0.8612735219739864,808,610,133,691,2109,9,0.6814483319772172,0.6578947368421053,0.8108813857113227,673,914,88,871,2458,9,-0.053971298179255056,-0.03389830508474567,0,349
canary-1b,0.8155523944997629,0.7688869021010282,0.9229091750221216,999,593,128,517,2109,9,0.7778681855166802,0.7521636506687648,0.9017805705190264,930,898,84,630,2458,9,-0.03768420898308267,-0.016723251432263386,0,349
wav2vec-xls-r,0.9231863442389758,0.8790067720090293,0.9836111883120646,1704,137,106,268,2109,9,0.8645240032546786,0.8466135458167331,0.9709802252431808,1641,432,52,385,2458,9,-0.058662340984297234,-0.03239322619229623,0,349
