Model,WER,MER,WIL,Substitutions,Deletions,Insertions,Hits,Total_Words_in_Reference,Total_Files_Matched
large-v3,0.5903173311635476,0.555087987758225,0.738463796341271,785,510,156,1163,2458,9
parakeet-tdt-0.6b-v2,0.6814483319772172,0.6578947368421053,0.8108813857113227,673,914,88,871,2458,9
canary-1b,0.7778681855166802,0.7521636506687648,0.9017805705190264,930,898,84,630,2458,9
wav2vec-xls-r,0.8645240032546786,0.8466135458167331,0.9709802252431808,1641,432,52,385,2458,9
