Model,R2_Score,MAE,MSE,CV_R2_Mean,CV_R2_Std
Linear Regression,-6.254746862032407e+22,761506560151.7366,2.3195689645679298e+25,-12783857989.318684,25567715980.269928
Ridge Regression,0.8436089042602192,6.187816607518717,57.99754011066288,0.8791139561205099,0.02983445897016553
Lasso Regression,0.8649831740933795,5.927225983779026,50.070905501954016,0.8720947286052922,0.03667254007799673
Random Forest,0.9045806709869714,4.314204026832812,35.38619852740104,0.9016974699668943,0.03594711298869126
Gradient Boosting,0.9056797802713018,4.662472637706631,34.978594536250384,0.916089203283069,0.03042508156372844
XGBoost,0.9007921440197479,4.369829225540161,36.79117138536649,0.9233625147605276,0.028861602339439813
