Model,WER,MER,WIL,Substitutions,Deletions,Insertions,Hits,Total_Words_in_Reference,Total_Files_Matched
NVIDIA Parakeet,0.9069767441860465,0.8764044943820225,0.9830484729616139,69,6,3,11,86,2
Meta Wav2Vec2,0.9534883720930233,0.803921568627451,0.9534883720930233,64,2,16,20,86,2
OpenAI Whisper,1.6627906976744187,0.6777251184834123,0.7427395126293536,16,2,125,68,86,2
NVIDIA Canary,1.8255813953488371,0.8820224719101124,0.9694767441860466,55,10,92,21,86,2
