Model,Avg_Processing_Time_s,Avg_Throughput_RTF,Avg_Peak_RAM_MiB,Avg_Peak_VRAM_MiB
OpenAI Whisper,8.618079805374146,17.927689784537755,4306.453125,9876.8875
Meta Wav2Vec2,0.409552001953125,177.18628882209003,14.96484375,4749.6
NVIDIA Canary,3.4098225116729735,31.9915361718613,12.9609375,4361.6
NVIDIA Parakeet,0.11693997383117676,606.3537504824565,27.01171875,2668.8
