Model,Avg_Processing_Time_s,Avg_Throughput_RTF,Avg_Peak_RAM_MiB,Avg_Peak_VRAM_MiB
OpenAI Whisper,6.656158779897997,22.134050566762966,4323.019216229839,9889.171370967742
Meta Wav2Vec2,0.503316423585338,181.21726456824453,17.34759324596774,11119.451612903225
NVIDIA Canary,3.5275920071909503,32.68028042276513,17.3955078125,5522.1612903225805
NVIDIA Parakeet,0.14413073562806653,599.3940362165409,63.32047001008065,3895.4193548387098
