Model,WER,MER,WIL,Substitutions,Deletions,Insertions,Hits,Total_Words_in_Reference,Total_Files_Matched
large-v3,0.07903745756425984,0.07812698278414619,0.12702657896145952,3650,1074,817,65382,70106,6649
canary-1b,0.08495968546112424,0.08400236626383842,0.13875836390618945,4123,1041,800,65034,70198,6661
parakeet-tdt-0.6b-v2,0.0980473204104903,0.09695696909047344,0.15972107250066359,4771,1319,789,64070,70160,6656
wav2vec-xls-r,0.3071680141449573,0.29941484704018234,0.47533015642122345,16827,2899,1816,50405,70131,6653
